,City,Country,Lat,Lng,Date,Cloudiness,Humidity,Max Temp,Wind Speed
0,hithadhoo,MV,-0.6,73.08,1551567394.0,64.0,100.0,82.43,12.77
1,saint-philippe,CA,45.36,-73.48,1551567317.0,90.0,68.0,28.0,7.29
2,geraldton,CA,49.72,-86.95,1551564000.0,75.0,43.0,10.4,8.05
4,tuktoyaktuk,CA,69.44,-133.03,1551564000.0,20.0,64.0,-2.21,17.22
5,albany,US,42.65,-73.75,1551567362.0,90.0,47.0,37.4,2.37
7,itambacuri,BR,-18.04,-41.68,1551567759.0,12.0,68.0,78.11,11.54
8,upernavik,GL,72.79,-56.15,1551567133.0,20.0,100.0,0.35,0.13
9,siva,GR,35.21,25.04,1551567729.0,75.0,76.0,55.99,10.29
10,bredasdorp,ZA,-34.53,20.04,1551566773.0,56.0,82.0,66.2,2.24
11,bandarbeyla,SO,9.49,50.81,1551567430.0,0.0,100.0,77.16,4.16
13,perundurai,IN,11.28,77.58,1551564000.0,40.0,69.0,77.0,9.17
14,chokurdakh,RU,70.62,147.9,1551567410.0,64.0,75.0,-11.72,16.24
15,dikson,RU,73.51,80.55,1551567248.0,32.0,76.0,-7.71,5.95
16,xique-xique,BR,-10.82,-42.73,1551567611.0,48.0,100.0,71.0,1.14
17,houma,CN,35.63,111.36,1551567760.0,0.0,92.0,26.09,1.59
18,chuy,UY,-33.69,-53.46,1551567113.0,0.0,78.0,67.85,15.01
19,mataura,NZ,-46.19,168.86,1551567006.0,0.0,72.0,62.01,8.99
20,vaini,IN,15.34,74.49,1551567128.0,0.0,85.0,56.96,2.26
21,marovoay,MG,-16.11,46.64,1551564000.0,40.0,94.0,80.6,2.24
22,viedma,AR,-40.81,-62.99,1551567568.0,12.0,45.0,68.03,7.4
23,ushuaia,AR,-54.81,-68.31,1551564000.0,40.0,66.0,53.6,16.11
24,turan,RU,52.15,93.92,1551567761.0,36.0,77.0,3.86,2.04
25,butaritari,KI,3.07,172.79,1551567105.0,68.0,100.0,82.43,15.68
28,alexandria,US,31.31,-92.44,1551567675.0,90.0,77.0,64.4,3.36
30,kaitangata,NZ,-46.28,169.85,1551567223.0,0.0,78.0,65.64,3.83
32,rikitea,PF,-23.12,-134.97,1551567139.0,0.0,100.0,79.1,9.86
33,karratha,AU,-20.74,116.85,1551567763.0,80.0,52.0,85.71,4.72
34,liaozhong,CN,41.51,122.73,1551564000.0,0.0,64.0,35.6,4.47
35,georgetown,GY,6.8,-58.16,1551564000.0,75.0,78.0,80.6,9.17
37,floro,NO,61.6,5.03,1551567401.0,92.0,81.0,42.8,14.99
38,jamestown,AU,-33.21,138.6,1551567309.0,0.0,22.0,90.66,9.98
43,havoysund,NO,71.0,24.66,1551565200.0,75.0,85.0,23.0,31.09
44,esperance,TT,10.24,-61.45,1551567306.0,40.0,69.0,80.6,11.41
45,sabang,PH,13.72,123.58,1551567765.0,24.0,93.0,76.4,4.27
47,hilo,US,19.71,-155.08,1551567382.0,20.0,60.0,75.2,10.29
48,itanhaem,BR,-24.18,-46.79,1551566707.0,90.0,88.0,77.0,11.41
49,thompson,CA,55.74,-97.86,1551565080.0,90.0,57.0,-7.61,10.29
50,najran,SA,17.54,44.22,1551564000.0,5.0,53.0,64.4,6.93
51,provideniya,RU,64.42,-173.23,1551567210.0,20.0,96.0,27.48,7.4
52,taguatinga,BR,-15.83,-48.06,1551567600.0,75.0,93.0,66.2,5.82
53,qaanaaq,GL,77.48,-69.36,1551567223.0,0.0,61.0,3.32,17.25
54,tabou,CI,4.42,-7.36,1551567405.0,8.0,96.0,83.46,5.73
55,victoria,BN,5.28,115.24,1551564000.0,75.0,100.0,77.0,1.14
56,mahebourg,MU,-20.41,57.7,1551566947.0,75.0,78.0,80.6,13.87
57,bethel,US,60.79,-161.76,1551565560.0,90.0,100.0,30.2,8.05
58,xinpu,TW,24.83,121.07,1551567673.0,75.0,94.0,69.01,4.7
60,tateyama,JP,36.66,137.31,1551564000.0,75.0,74.0,35.6,2.15
62,barrow,AR,-38.31,-60.23,1551567335.0,0.0,66.0,60.96,7.07
64,hermanus,ZA,-34.42,19.24,1551566773.0,0.0,94.0,66.0,2.93
66,kamina,CD,-8.74,25.0,1551567768.0,92.0,98.0,66.36,3.49
67,kahului,US,20.89,-156.47,1551567390.0,40.0,47.0,79.0,17.22
68,maceio,BR,-9.67,-35.74,1551564000.0,20.0,74.0,80.6,8.05
69,sandusky,US,41.45,-82.71,1551567649.0,75.0,80.0,35.01,9.17
71,ilulissat,GL,69.22,-51.1,1551563400.0,75.0,85.0,17.6,6.93
72,avarua,CK,-21.21,-159.78,1551564000.0,8.0,74.0,86.0,9.17
73,kapaa,US,22.08,-159.32,1551566904.0,40.0,57.0,77.0,13.87
74,bluff,AU,-23.58,149.07,1551567396.0,0.0,47.0,81.26,12.44
75,hobart,AU,-42.88,147.33,1551567375.0,75.0,88.0,66.0,5.82
76,busselton,AU,-33.64,115.35,1551567126.0,0.0,50.0,62.01,13.22
77,faya,SA,18.39,42.45,1551564000.0,0.0,71.0,57.2,6.93
78,karasjok,NO,69.47,25.52,1551567000.0,0.0,70.0,1.4,26.4
79,atuona,PF,-9.8,-139.03,1551567273.0,0.0,100.0,81.17,8.75
80,nikolskoye,RU,59.7,30.79,1551567034.0,75.0,74.0,28.4,22.37
81,sabha,LY,27.03,14.43,1551567770.0,0.0,63.0,47.24,3.27
82,kodiak,US,39.95,-94.76,1551567379.0,40.0,41.0,28.0,14.99
85,purepero,MX,19.92,-102.02,1551566460.0,5.0,44.0,78.8,6.93
86,camopi,GF,3.17,-52.33,1551567450.0,76.0,67.0,79.68,4.38
89,poum,MK,41.28,20.71,1551567771.0,0.0,74.0,17.18,1.81
90,altamira,BR,-3.2,-52.21,1551564000.0,20.0,94.0,78.8,4.38
93,pisco,PE,-13.71,-76.2,1551564000.0,0.0,30.0,71.6,20.8
94,astana,KZ,51.13,71.43,1551564000.0,90.0,100.0,33.8,24.61
95,kieta,PG,-6.22,155.63,1551567772.0,0.0,95.0,82.88,1.48
96,waddan,LY,29.16,16.14,1551567772.0,0.0,72.0,38.87,2.93
97,tsevie,TG,6.43,1.21,1551564000.0,20.0,83.0,82.4,8.05
98,lima,PE,-12.06,-77.04,1551567604.0,0.0,69.0,79.0,18.34
99,nipawin,CA,53.36,-104.02,1551564000.0,1.0,58.0,-5.81,18.34
101,hearst,CA,49.69,-83.67,1551567582.0,68.0,66.0,14.21,2.93
102,dauphin,CA,51.15,-100.04,1551564000.0,90.0,58.0,-5.81,26.4
103,dubna,RU,56.76,37.14,1551567774.0,64.0,80.0,14.75,17.81
105,carutapera,BR,-1.2,-46.02,1551567613.0,80.0,92.0,77.84,7.96
106,springdale,US,36.19,-94.13,1551567483.0,90.0,100.0,37.99,6.93
107,khatanga,RU,71.98,102.47,1551567403.0,48.0,46.0,-15.99,2.71
109,kemin,KG,42.79,75.7,1551567775.0,88.0,80.0,19.25,1.48
110,saldanha,PT,41.42,-6.55,1551567139.0,8.0,78.0,37.52,4.94
111,castro,CL,-42.48,-73.76,1551564000.0,75.0,67.0,59.0,4.7
112,carnarvon,ZA,-30.97,22.13,1551567220.0,0.0,60.0,59.12,8.08
113,saint-joseph,FR,43.56,6.97,1551567698.0,0.0,93.0,53.6,3.36
116,kadhan,PK,24.48,68.99,1551567776.0,48.0,95.0,59.43,7.96
118,kagadi,UG,0.95,30.8,1551567777.0,12.0,97.0,76.89,6.73
123,itoman,JP,26.12,127.67,1551567360.0,75.0,100.0,73.4,5.82
124,kholodnyy,RU,62.72,147.95,1551567778.0,0.0,51.0,-20.04,3.38
125,camabatela,AO,-8.19,15.37,1551567778.0,92.0,95.0,67.44,3.38
128,severo-kurilsk,RU,50.68,156.12,1551567300.0,0.0,100.0,26.76,14.0
131,novorzhev,RU,57.03,29.33,1551567779.0,92.0,86.0,31.71,24.07
132,aksaray,TR,38.37,34.03,1551565200.0,75.0,87.0,44.6,3.38
133,pangnirtung,CA,66.15,-65.72,1551567501.0,20.0,69.0,-16.13,2.37
134,dingle,PH,11.0,122.67,1551567419.0,36.0,82.0,77.12,9.98
135,waitati,NZ,-45.75,170.57,1551567364.0,0.0,44.0,71.01,3.0
136,saint-pierre,FR,48.95,4.24,1551567768.0,0.0,87.0,48.2,13.87
138,oranjemund,ZA,-28.55,16.43,1551567780.0,92.0,90.0,63.26,13.33
140,zhongshu,CN,24.52,103.77,1551567781.0,0.0,55.0,40.53,4.38
141,marzuq,YE,14.4,46.47,1551567781.0,0.0,86.0,52.82,2.37
142,yellowknife,CA,62.45,-114.38,1551564000.0,20.0,40.0,-0.41,10.29
144,shingu,JP,33.72,135.99,1551567522.0,92.0,100.0,50.39,9.53
145,muros,ES,42.77,-9.06,1551567512.0,90.0,81.0,57.99,6.93
146,daru,SL,7.99,-10.85,1551567782.0,68.0,43.0,82.25,1.81
148,anadyr,RU,64.73,177.51,1551564000.0,75.0,77.0,1.4,11.18
149,cherskiy,RU,68.75,161.3,1551567178.0,56.0,82.0,-5.19,9.19
151,nouakchott,MR,18.08,-15.98,1551565800.0,0.0,16.0,66.2,8.05
152,tonkino,RU,57.37,46.46,1551567783.0,0.0,67.0,-1.46,3.6
153,tezu,IN,27.93,96.16,1551567783.0,0.0,53.0,46.29,2.04
155,longyearbyen,NO,78.22,15.63,1551565200.0,40.0,77.0,3.2,9.17
157,ixtapa,MX,20.71,-105.21,1551567322.0,5.0,61.0,80.6,11.41
162,waingapu,ID,-9.65,120.26,1551567784.0,8.0,93.0,78.92,4.05
163,pevek,RU,69.7,170.27,1551567399.0,24.0,79.0,-4.61,3.94
164,ozernovskiy,RU,51.5,156.52,1551567785.0,0.0,95.0,20.51,9.75
165,carthage,US,32.16,-94.34,1551567423.0,90.0,87.0,55.0,4.7
166,lukaya,UG,-0.15,31.87,1551567785.0,88.0,87.0,67.67,3.15
168,amapa,HN,15.09,-87.97,1551567600.0,20.0,62.0,84.2,18.34
170,susanville,US,40.42,-120.65,1551567378.0,90.0,86.0,39.2,4.7
171,awash,ET,8.99,40.17,1551567786.0,0.0,67.0,64.97,4.94
172,farroupilha,BR,-29.22,-51.34,1551567730.0,0.0,77.0,78.01,2.15
173,faanui,PF,-16.48,-151.75,1551567422.0,44.0,100.0,82.88,5.95
174,avera,US,33.19,-82.53,1551567498.0,40.0,60.0,71.6,6.93
175,coihaique,CL,-45.58,-72.07,1551567600.0,75.0,62.0,57.2,5.82
176,mago,RU,53.27,140.15,1551567788.0,32.0,70.0,6.56,3.15
177,khailar,IN,25.35,78.53,1551567788.0,76.0,68.0,57.09,6.17
178,leningradskiy,RU,69.38,178.42,1551567401.0,44.0,100.0,5.66,6.96
181,taoudenni,ML,22.68,-3.98,1551567457.0,0.0,41.0,47.19,3.15
182,deputatskiy,RU,69.3,139.9,1551567510.0,12.0,35.0,-24.95,2.82
183,sisimiut,GL,66.94,-53.67,1551567509.0,80.0,83.0,6.38,1.92
184,hobyo,SO,5.35,48.53,1551567496.0,0.0,91.0,73.79,7.4
185,kruisfontein,ZA,-34.0,24.73,1551567390.0,0.0,89.0,60.51,2.04
187,macusani,PE,-14.07,-70.43,1551567789.0,68.0,100.0,52.41,0.92
188,horta,ES,41.43,2.16,1551567783.0,0.0,81.0,55.99,1.12
191,airai,TL,-8.93,125.41,1551567528.0,12.0,84.0,76.04,1.92
192,namibe,AO,-15.19,12.15,1551567525.0,24.0,100.0,76.98,1.81
194,necochea,AR,-38.55,-58.74,1551567098.0,0.0,73.0,64.0,3.0
195,narsaq,GL,60.91,-46.05,1551563400.0,56.0,37.0,33.8,8.05
196,launceston,AU,-41.43,147.14,1551567625.0,92.0,77.0,69.01,2.24
198,znamenskoye,RU,57.13,73.82,1551567791.0,92.0,87.0,15.78,15.79
199,luderitz,NA,-26.65,15.16,1551567404.0,0.0,76.0,63.89,20.38
200,yumen,CN,40.29,97.04,1551567791.0,0.0,42.0,16.1,2.04
201,tchaourou,BJ,8.89,2.6,1551567792.0,36.0,48.0,70.68,4.38
203,balkhash,KZ,46.84,74.98,1551567792.0,92.0,86.0,25.55,3.83
205,itarema,BR,-2.92,-39.92,1551567792.0,92.0,100.0,73.11,0.69
207,bilibino,RU,68.06,166.44,1551567570.0,32.0,64.0,-9.51,3.15
209,klaksvik,FO,62.23,-6.59,1551565200.0,92.0,93.0,39.2,24.16
210,vao,EE,59.1,26.19,1551567215.0,76.0,77.0,26.94,10.09
213,fortuna,ES,38.18,-1.13,1551567330.0,20.0,93.0,55.99,3.36
215,kamojima,JP,34.07,134.35,1551567532.0,90.0,87.0,46.99,3.36
216,lusambo,CD,-4.97,23.44,1551567796.0,32.0,96.0,71.49,2.04
217,tazovskiy,RU,67.47,78.7,1551567796.0,56.0,96.0,16.19,16.02
219,atherton,GB,53.52,-2.49,1551567783.0,20.0,70.0,48.99,17.22
220,araouane,ML,18.9,-3.53,1551567797.0,0.0,42.0,53.04,5.95
221,ambon,FR,47.55,-2.56,1551567736.0,90.0,93.0,54.0,12.75
222,ulaangom,MN,49.98,92.07,1551567798.0,0.0,55.0,-5.19,1.14
223,namtsy,RU,62.72,129.66,1551564000.0,75.0,74.0,-25.61,2.93
225,ballina,IE,54.11,-9.15,1551567425.0,44.0,69.0,48.0,18.01
226,lorengau,PG,-2.02,147.27,1551567437.0,8.0,92.0,84.86,6.96
227,mutoko,ZW,-17.4,32.23,1551567798.0,8.0,86.0,57.81,1.36
228,clones,GB,54.18,-7.23,1551567604.0,36.0,76.0,44.01,11.01
229,kaohsiung,TW,22.62,120.31,1551567302.0,40.0,73.0,72.0,3.36
230,salalah,OM,17.01,54.1,1551563400.0,40.0,21.0,78.8,10.29
231,kodinar,IN,20.79,70.7,1551567799.0,88.0,93.0,70.23,3.6
233,oskarshamn,SE,57.26,16.44,1551567604.0,80.0,74.0,37.4,8.05
235,bathsheba,BB,13.22,-59.52,1551564000.0,20.0,69.0,78.8,21.92
237,nome,US,30.04,-94.42,1551567374.0,75.0,73.0,73.4,5.82
238,baghdad,IQ,33.3,44.38,1551564000.0,0.0,53.0,51.8,3.36
240,bonthe,SL,7.53,-12.5,1551567510.0,8.0,81.0,79.19,5.06
241,perwez,BE,50.62,4.81,1551567747.0,88.0,76.0,51.01,19.46
242,pitimbu,BR,-7.47,-34.81,1551567600.0,20.0,88.0,78.8,4.7
243,manokwari,ID,-0.87,134.08,1551567392.0,48.0,100.0,79.41,7.18
245,bud,NO,62.91,6.91,1551567000.0,64.0,80.0,41.0,13.87
247,tasiilaq,GL,65.61,-37.64,1551563400.0,68.0,85.0,14.0,2.24
249,hamilton,CA,43.26,-79.87,1551567340.0,90.0,86.0,32.0,10.29
250,kushiro,JP,43.11,144.15,1551564000.0,20.0,79.0,21.2,2.24
251,yenagoa,NG,4.92,6.26,1551567567.0,32.0,96.0,73.38,2.59
252,giddalur,IN,15.38,78.93,1551567802.0,44.0,90.0,72.17,3.6
253,torbay,CA,47.66,-52.73,1551567210.0,20.0,53.0,26.01,24.16
254,seoul,KR,37.57,126.98,1551565200.0,1.0,74.0,35.6,2.24
255,nouadhibou,MR,20.93,-17.03,1551564000.0,0.0,72.0,64.4,11.41
257,atar,MR,20.52,-13.05,1551567509.0,0.0,20.0,59.84,9.19
258,salym,RU,60.06,71.48,1551567803.0,64.0,78.0,18.35,7.4
259,kampot,KH,10.62,104.18,1551564000.0,20.0,78.0,77.0,1.12
260,impfondo,CD,1.62,18.06,1551567803.0,8.0,96.0,68.66,2.15
261,okhotsk,RU,59.36,143.24,1551567397.0,0.0,100.0,2.19,1.92
262,minnedosa,CA,50.25,-99.84,1551564000.0,20.0,63.0,-7.61,21.92
264,hasaki,JP,35.73,140.83,1551564065.0,75.0,100.0,41.0,6.93
265,vaitape,PF,-16.52,-151.75,1551567804.0,56.0,100.0,83.96,5.28
266,kyrylivka,UA,47.65,37.3,1551567804.0,76.0,76.0,26.0,9.98
268,kati,ML,12.75,-8.07,1551565800.0,0.0,16.0,69.8,3.36
269,tanout,NE,14.97,8.88,1551567805.0,68.0,20.0,75.95,8.97
270,jacareacanga,BR,-6.22,-57.76,1551567805.0,24.0,90.0,76.58,1.59
271,labuhan,ID,-2.54,115.51,1551567805.0,76.0,93.0,74.91,1.14
273,mata,CU,22.63,-79.93,1551563400.0,20.0,42.0,84.2,11.41
274,ipixuna,BR,-1.76,-48.8,1551567600.0,0.0,83.0,78.8,8.05
275,turukhansk,RU,65.8,87.96,1551567806.0,76.0,85.0,16.46,14.67
276,annau,TM,37.89,58.52,1551564000.0,75.0,81.0,42.8,4.7
278,constantine,DZ,36.36,6.61,1551565800.0,20.0,86.0,37.4,1.12
280,neiafu,TO,-18.65,-173.98,1551567600.0,20.0,74.0,86.0,11.41
281,saskylakh,RU,71.97,114.09,1551567219.0,20.0,36.0,-24.72,2.93
282,denizli,TR,37.77,29.09,1551564780.0,75.0,87.0,45.0,4.7
283,saint-augustin,FR,44.83,-0.61,1551567248.0,8.0,93.0,50.0,9.17
284,sardarshahr,IN,28.43,74.48,1551567808.0,56.0,75.0,58.98,13.56
285,tuatapere,NZ,-46.13,167.69,1551567608.0,0.0,72.0,63.0,8.01
286,catuday,PH,16.29,119.81,1551567809.0,48.0,100.0,74.64,6.73
287,sistranda,NO,63.73,8.83,1551567332.0,75.0,100.0,36.0,11.41
288,naisud,PH,11.81,122.19,1551567810.0,24.0,100.0,78.47,11.65
289,tiksi,RU,71.64,128.87,1551567397.0,0.0,32.0,-22.43,4.05
291,galesong,ID,-5.32,119.37,1551564000.0,20.0,100.0,73.4,1.12
292,buala,SB,-8.15,159.59,1551567810.0,92.0,75.0,85.71,2.82
294,batagay-alyta,RU,67.8,130.41,1551567590.0,0.0,39.0,-27.51,2.59
295,coquimbo,CL,-29.95,-71.34,1551564000.0,75.0,72.0,66.2,10.29
296,perth,GB,56.4,-3.43,1551567609.0,40.0,70.0,45.0,25.28
299,shelburne,CA,44.08,-80.2,1551567752.0,90.0,92.0,30.2,6.93
300,normal,US,40.51,-88.99,1551567684.0,90.0,63.0,33.01,10.29
301,teguldet,RU,57.31,88.17,1551567812.0,64.0,81.0,13.13,2.48
302,ukiah,US,39.15,-123.21,1551567805.0,90.0,76.0,59.0,5.82
303,heishan,CN,41.69,122.12,1551567812.0,0.0,77.0,38.19,13.56
304,benguela,AO,-12.58,13.4,1551567813.0,56.0,100.0,79.14,2.93
306,ostrovnoy,RU,68.05,39.51,1551567414.0,0.0,65.0,2.06,10.76
307,acajutla,SV,13.59,-89.83,1551567031.0,0.0,81.0,80.01,4.0
308,novikovo,UA,45.05,34.56,1551567496.0,0.0,100.0,23.79,6.96
309,aquiraz,BR,-3.9,-38.39,1551567491.0,75.0,88.0,79.0,2.24
310,ulundi,ZA,-28.29,31.43,1551567814.0,88.0,94.0,67.31,4.38
311,husavik,CA,50.56,-96.99,1551567240.0,32.0,64.0,-0.01,6.4
313,maniitsoq,GL,65.42,-52.9,1551567814.0,88.0,100.0,20.24,7.85
314,piacabucu,BR,-10.41,-36.43,1551567814.0,76.0,75.0,80.94,7.18
315,luganville,VU,-15.51,167.18,1551567104.0,24.0,96.0,82.74,16.91
317,bismarck,US,46.81,-100.78,1551567513.0,75.0,70.0,-5.01,14.99
318,constitucion,MX,23.99,-104.67,1551567017.0,5.0,7.0,84.2,10.29
319,okha,RU,53.59,142.95,1551567534.0,24.0,94.0,0.39,6.96
320,russell,AR,-33.01,-68.8,1551564000.0,0.0,26.0,84.2,3.36
321,maryville,US,40.35,-94.87,1551567631.0,90.0,48.0,25.0,14.99
322,bowen,AU,-20.01,148.25,1551567435.0,40.0,83.0,79.0,12.75
323,meulaboh,ID,4.14,96.13,1551567160.0,36.0,100.0,78.83,1.92
324,palu,ID,-0.9,119.87,1551567816.0,76.0,94.0,67.94,1.92
325,zaoyang,CN,32.12,112.76,1551567816.0,0.0,77.0,30.86,2.93
326,mahibadhoo,MV,3.78,72.97,1551567817.0,36.0,100.0,82.16,12.88
328,davidson,US,35.5,-80.85,1551567813.0,1.0,66.0,57.99,3.36
329,kroya,ID,-6.5,108.06,1551567817.0,24.0,95.0,74.96,3.38
330,jati,PK,24.35,68.27,1551567817.0,0.0,94.0,57.81,8.19
331,wanxian,CN,30.8,108.39,1551567818.0,44.0,85.0,33.33,1.03
332,huarmey,PE,-10.07,-78.15,1551567445.0,20.0,68.0,73.11,3.71
333,kintampo,GH,8.05,-1.73,1551567818.0,32.0,46.0,71.54,3.94
334,lavrentiya,RU,65.58,-170.99,1551567507.0,56.0,100.0,17.58,2.82
336,staunton,US,38.15,-79.07,1551567810.0,1.0,57.0,51.01,5.82
338,cardston,CA,49.2,-113.32,1551564000.0,1.0,76.0,-9.41,6.93
340,gao,ML,16.28,-0.04,1551567819.0,0.0,51.0,56.96,4.38
341,anloga,GH,5.79,0.9,1551564000.0,20.0,83.0,82.4,8.05
342,mincivan,AZ,39.03,46.72,1551567820.0,0.0,55.0,38.69,6.96
343,lebedinyy,RU,58.52,125.52,1551567820.0,56.0,70.0,9.84,3.27
345,cocorit,MX,27.57,-109.96,1551566400.0,90.0,25.0,84.2,5.82
346,jadu,LY,31.95,12.03,1551567529.0,0.0,83.0,40.76,2.37
348,lagoa,PT,37.14,-8.45,1551567426.0,0.0,87.0,55.99,2.24
349,verkhnetulomskiy,RU,68.61,31.8,1551565800.0,0.0,75.0,-14.81,2.24
350,ostersund,SE,63.18,14.64,1551567000.0,92.0,73.0,26.01,11.41
351,khasan,RU,42.43,130.64,1551567822.0,0.0,69.0,38.46,8.3
352,kirakira,SB,-10.46,161.92,1551567471.0,20.0,100.0,82.7,8.41
354,bilma,NE,18.69,12.92,1551567525.0,0.0,24.0,53.58,6.85
355,omboue,GA,-1.57,9.26,1551567822.0,24.0,100.0,80.76,2.15
356,matara,PE,-13.74,-72.9,1551567822.0,48.0,77.0,49.49,1.59
357,brae,GB,60.4,-1.35,1551567000.0,76.0,93.0,46.4,17.22
359,progreso,UY,-34.68,-56.22,1551567799.0,20.0,68.0,72.0,4.7
360,pahrump,US,36.21,-115.98,1551567627.0,20.0,55.0,66.0,23.04
361,tromso,NO,69.65,18.96,1551566877.0,0.0,72.0,17.6,8.05
364,manica,MZ,-18.94,32.88,1551564000.0,0.0,94.0,69.8,4.7
365,burgersdorp,ZA,-30.99,26.32,1551567824.0,8.0,92.0,52.37,5.17
367,karuzi,BI,-3.1,30.16,1551567825.0,12.0,95.0,54.98,2.71
368,cidreira,BR,-30.17,-50.22,1551567408.0,36.0,53.0,77.48,10.31
369,nemuro,JP,43.32,145.57,1551567719.0,0.0,95.0,31.44,13.78
371,hirara,JP,24.8,125.28,1551564000.0,75.0,88.0,73.4,4.7
372,vardo,US,39.62,-77.74,1551567391.0,90.0,70.0,44.6,3.36
373,codrington,AU,-28.95,153.24,1551567000.0,90.0,88.0,71.6,3.36
374,ercis,TR,39.03,43.36,1551563400.0,75.0,59.0,34.0,14.99
376,kisaran,ID,2.98,99.62,1551567826.0,0.0,100.0,73.88,2.71
377,kholmogory,RU,64.23,41.65,1551565800.0,20.0,85.0,10.4,11.18
378,pouebo,NC,-20.4,164.57,1551567827.0,76.0,86.0,79.68,16.02
379,namatanai,PG,-3.66,152.44,1551567515.0,0.0,92.0,84.86,8.08
380,gwadar,PK,25.12,62.33,1551567629.0,32.0,100.0,58.85,5.28
381,lakota,US,48.04,-98.34,1551567360.0,1.0,69.0,-7.61,19.46
382,tsumeb,NA,-19.25,17.72,1551567828.0,8.0,51.0,70.68,5.17
383,paramonga,PE,-10.68,-77.82,1551567828.0,0.0,98.0,73.79,13.0
384,burgos,ES,42.34,-3.7,1551565800.0,8.0,73.0,46.99,10.29
385,abaza,RU,52.65,90.1,1551567828.0,0.0,54.0,8.09,1.36
386,kaitong,CN,44.81,123.15,1551567828.0,20.0,39.0,30.68,6.85
388,khandbari,NP,27.38,87.21,1551567829.0,0.0,54.0,22.08,1.59
389,vanimo,PG,-2.67,141.3,1551567417.0,68.0,97.0,83.24,10.98
390,garissa,KE,-0.46,39.64,1551567829.0,0.0,62.0,79.14,10.2
391,skibbereen,IE,51.55,-9.27,1551565800.0,75.0,81.0,42.8,12.75
393,buraydah,SA,26.33,43.97,1551564000.0,20.0,71.0,51.8,3.36
394,lodwar,KE,3.12,35.6,1551567833.0,24.0,51.0,72.8,5.17
395,mangalam,IN,12.6,80.07,1551565800.0,20.0,83.0,78.8,4.7
396,juneau,US,58.3,-134.42,1551567360.0,90.0,47.0,35.6,14.99
397,horsham,AU,-36.71,142.2,1551567833.0,76.0,53.0,81.39,4.83
398,mitsamiouli,KM,-11.38,43.28,1551567509.0,80.0,100.0,81.66,10.42
400,winnemucca,US,40.97,-117.74,1551566790.0,90.0,80.0,36.0,10.29
401,rudnogorsk,RU,57.27,103.75,1551567834.0,8.0,68.0,10.79,2.48
402,mananjary,MG,-19.16,46.8,1551567834.0,76.0,91.0,62.54,4.61
404,iberia,PE,-11.41,-69.49,1551567835.0,0.0,62.0,83.06,3.94
405,kaeo,NZ,-35.1,173.78,1551567785.0,0.0,54.0,75.0,5.99
406,tura,IN,25.52,90.21,1551567186.0,0.0,76.0,49.71,2.59
407,hofn,IS,64.25,-15.21,1551567520.0,56.0,100.0,36.44,17.47
408,mossendjo,CG,-2.95,12.72,1551567835.0,8.0,92.0,70.68,2.26
409,krasnovishersk,RU,60.4,57.08,1551567836.0,76.0,81.0,14.16,12.44
411,grindavik,IS,63.84,-22.43,1551567255.0,75.0,100.0,33.8,13.87
412,gitarama,RW,-2.07,29.76,1551567836.0,0.0,88.0,53.94,3.04
414,pierre,US,44.37,-100.35,1551567614.0,90.0,77.0,3.0,14.99
415,ilhabela,BR,-23.78,-45.36,1551567516.0,92.0,100.0,73.56,5.61
417,zhangye,CN,38.94,100.46,1551567513.0,0.0,51.0,15.69,5.95
418,merauke,ID,-8.49,140.4,1551567837.0,44.0,100.0,82.07,6.62
419,koping,SE,59.51,15.99,1551567811.0,92.0,74.0,39.0,3.36
420,mahajanga,MG,-15.72,46.32,1551564000.0,40.0,94.0,80.6,2.24
421,dunedin,NZ,-45.87,170.5,1551567364.0,0.0,44.0,71.01,3.0
424,bongaree,AU,-27.08,153.16,1551567838.0,75.0,78.0,79.0,9.17
425,talnakh,RU,69.49,88.39,1551567407.0,76.0,85.0,16.1,16.24
427,athmallik,IN,20.72,84.53,1551567839.0,0.0,90.0,59.03,2.93
429,santiago,CL,-33.44,-70.65,1551567695.0,0.0,34.0,82.4,9.17
432,mehamn,NO,71.03,27.85,1551567457.0,56.0,82.0,21.68,14.34
433,cabildo,CL,-32.43,-71.07,1551567600.0,75.0,82.0,62.6,9.17
434,pilar,AR,-34.46,-58.91,1551567798.0,0.0,64.0,73.99,4.7
435,singapore,MY,1.29,103.85,1551567609.0,75.0,88.0,77.0,2.24
438,soyo,AO,-6.13,12.37,1551567841.0,68.0,98.0,75.95,2.48
439,madimba,CM,4.42,9.93,1551564000.0,40.0,100.0,78.8,2.24
440,mareeba,AU,-16.99,145.42,1551567816.0,75.0,83.0,80.01,9.17
441,portland,US,45.52,-122.67,1551566321.0,20.0,42.0,50.0,21.92
444,sayan,YE,15.88,43.46,1551567843.0,0.0,91.0,63.48,3.27
445,mangrol,IN,25.33,76.51,1551567843.0,100.0,58.0,63.53,9.98
447,souillac,FR,45.6,-0.6,1551567446.0,20.0,93.0,50.0,8.05
448,tipperary,IE,52.47,-8.16,1551567807.0,75.0,65.0,50.0,20.8
449,baishishan,CN,43.58,127.55,1551567843.0,0.0,73.0,31.67,2.71
450,lorain,US,41.47,-82.18,1551567826.0,75.0,59.0,35.01,11.41
453,itirapina,BR,-22.26,-47.82,1551564000.0,40.0,88.0,71.6,5.82
454,zeya,RU,53.74,127.27,1551567845.0,44.0,65.0,7.14,2.15
455,yar-sale,RU,66.83,70.83,1551567466.0,0.0,65.0,-8.84,9.98
456,leticia,CO,-4.21,-69.94,1551567600.0,0.0,83.0,80.6,3.36
457,salamiyah,SY,35.01,37.05,1551567846.0,32.0,98.0,40.31,3.04
458,pathein,MM,16.78,94.73,1551567758.0,0.0,81.0,67.67,6.51
459,guiratinga,BR,-16.35,-53.76,1551567846.0,12.0,96.0,71.27,3.15
462,lebu,ET,8.96,38.73,1551567259.0,8.0,74.0,46.25,3.38
466,atambua,ID,-9.11,124.89,1551567400.0,0.0,100.0,80.31,5.28
467,saint-francois,FR,46.42,3.91,1551566753.0,0.0,86.0,41.0,5.82
468,pochinki,RU,54.7,44.85,1551567848.0,56.0,85.0,11.69,9.42
469,broome,GB,52.47,1.45,1551567838.0,92.0,81.0,54.0,18.34
471,mujiayingzi,CN,42.12,118.78,1551567849.0,12.0,56.0,31.53,4.72
472,berlevag,NO,70.86,29.09,1551567000.0,75.0,68.0,26.6,24.16
474,amposta,ES,40.71,0.58,1551567664.0,0.0,93.0,54.0,4.7
477,sur,OM,22.57,59.53,1551567851.0,0.0,100.0,67.13,17.81
478,sorong,ID,-0.86,131.25,1551567851.0,56.0,100.0,81.03,7.07
480,scottsbluff,US,41.87,-103.67,1551567847.0,90.0,77.0,5.0,16.11
482,padang,ID,-0.92,100.36,1551564000.0,40.0,94.0,78.8,3.36
483,ternate,PH,14.29,120.72,1551567628.0,20.0,69.0,78.01,4.7
484,caparrapi,CO,5.35,-74.49,1551567852.0,32.0,79.0,72.08,1.03
485,nchelenge,ZM,-9.35,28.74,1551567853.0,80.0,100.0,65.51,2.26
486,rawson,AR,-43.3,-65.11,1551567853.0,20.0,36.0,70.41,7.63
487,yatou,CM,3.63,9.81,1551564000.0,40.0,100.0,78.8,2.24
488,cotonou,BJ,6.37,2.43,1551564000.0,20.0,79.0,84.2,11.41
489,stromness,CA,42.87,-79.55,1551567837.0,90.0,86.0,32.0,11.41
491,cholet,FR,47.06,-0.88,1551567601.0,90.0,93.0,53.6,11.41
492,lincoln,US,40.8,-96.67,1551567850.0,90.0,72.0,18.0,14.99
495,lompoc,US,34.64,-120.46,1551567574.0,90.0,93.0,61.0,11.41
496,coruripe,BR,-10.12,-36.18,1551567859.0,64.0,94.0,82.97,11.1
498,hambantota,LK,6.12,81.12,1551567433.0,56.0,100.0,79.23,9.98
499,mabaruma,GY,8.2,-59.78,1551567859.0,24.0,75.0,78.92,8.75
500,gamba,CN,28.28,88.52,1551567635.0,0.0,29.0,-18.47,1.92
502,paamiut,GL,61.99,-49.67,1551567860.0,0.0,93.0,28.61,5.95
503,salinopolis,BR,-0.61,-47.36,1551567445.0,92.0,100.0,78.96,12.77
504,lieksa,FI,63.32,30.02,1551567863.0,88.0,67.0,18.53,10.98
505,makurdi,NG,7.73,8.54,1551567863.0,88.0,93.0,74.19,9.64
506,sitka,US,37.17,-99.65,1551566858.0,80.0,74.0,28.0,4.0
507,djibo,BF,14.1,-1.63,1551567864.0,32.0,31.0,58.08,4.94
508,redmond,US,47.67,-122.12,1551567861.0,1.0,49.0,50.0,10.29
509,ginir,ET,7.14,40.71,1551567867.0,0.0,63.0,52.82,2.59
510,colares,PT,38.8,-9.45,1551567797.0,20.0,87.0,55.0,9.17
512,yeniseysk,RU,58.45,92.17,1551567868.0,76.0,84.0,18.08,3.38
513,amahai,ID,-3.31,129.0,1551566230.0,36.0,84.0,84.0,3.49
514,pajapan,MX,18.26,-94.69,1551566760.0,40.0,78.0,82.4,11.41
515,rosamorada,MX,22.12,-105.21,1551567869.0,0.0,35.0,82.52,2.93
517,mitchell,US,43.71,-98.03,1551567605.0,90.0,71.0,6.8,17.22
518,obo,CF,5.39,26.49,1551567873.0,0.0,77.0,64.07,2.82
519,bubaque,GW,11.28,-15.83,1551567873.0,0.0,94.0,77.39,3.04
521,gramsh,AL,40.87,20.19,1551567873.0,8.0,75.0,23.21,1.7
522,dwarka,IN,28.58,77.04,1551567607.0,75.0,93.0,64.0,3.36
523,tombouctou,ML,16.77,-3.01,1551567874.0,0.0,37.0,58.13,9.42
524,parfenyevo,RU,58.48,43.41,1551567874.0,44.0,77.0,4.26,9.98
525,touros,BR,-5.2,-35.46,1551567600.0,40.0,94.0,78.8,5.82
526,marawi,PH,8.0,124.29,1551566731.0,80.0,92.0,73.0,4.0
529,katete,UG,-0.78,29.75,1551567875.0,0.0,88.0,58.98,1.7
532,konotop,UA,51.24,33.21,1551567876.0,0.0,54.0,6.78,5.95
533,jalu,LY,29.03,21.55,1551567613.0,0.0,56.0,47.51,8.86
534,cofradia,PH,14.85,120.83,1551567628.0,20.0,69.0,78.01,4.7
535,hailar,CN,49.2,119.7,1551567877.0,32.0,56.0,16.64,5.61
536,bulgan,MN,48.81,103.53,1551567877.0,0.0,53.0,3.99,2.71
537,aldan,RU,58.61,125.39,1551567878.0,56.0,70.0,9.84,3.27
538,zhezkazgan,KZ,47.8,67.71,1551567878.0,80.0,91.0,27.39,15.68
539,brzesko,PL,49.97,20.61,1551567834.0,75.0,80.0,36.0,3.36
540,birin,SY,35.01,36.67,1551567878.0,32.0,95.0,44.36,5.39
541,halifax,CA,44.65,-63.58,1551567667.0,90.0,58.0,32.0,10.29
542,fushun,CN,41.89,123.95,1551564000.0,0.0,64.0,35.6,4.47
543,ligayan,PH,4.65,119.47,1551567879.0,8.0,100.0,80.63,8.75
544,mecca,SA,21.43,39.83,1551567880.0,80.0,63.0,59.43,5.73
545,ekhabi,RU,53.51,142.97,1551567880.0,24.0,94.0,0.39,6.96
546,linxia,CN,35.6,103.21,1551567880.0,0.0,41.0,9.21,4.94
547,pringsewu,ID,-5.36,104.98,1551567880.0,88.0,96.0,73.29,1.7
548,isangel,VU,-19.55,169.27,1551567293.0,36.0,94.0,83.28,12.77
549,bainbridge,US,30.9,-84.58,1551567874.0,64.0,61.0,77.0,3.15
550,anshun,CN,26.25,105.93,1551567881.0,92.0,95.0,43.41,8.52
551,soe,EE,57.91,26.05,1551567298.0,88.0,94.0,36.0,19.46
553,shihezi,CN,44.3,86.03,1551567882.0,8.0,55.0,2.24,2.71
554,guhagar,IN,17.48,73.19,1551567882.0,12.0,100.0,69.83,5.39
555,khabary,RU,53.63,79.53,1551567882.0,56.0,90.0,20.96,12.21
556,margate,AU,-43.03,147.26,1551567440.0,75.0,88.0,66.0,5.82
557,ancud,CL,-41.87,-73.83,1551564000.0,75.0,67.0,59.0,4.7
558,reiskirchen,DE,50.6,8.83,1551567848.0,75.0,76.0,51.01,13.87
559,gat,SN,14.69,-16.54,1551565800.0,0.0,49.0,68.0,16.11
560,custoias,PT,41.11,-7.32,1551567617.0,12.0,89.0,52.0,2.37
562,troitskaya,RU,43.31,44.98,1551565800.0,90.0,98.0,33.8,6.71
564,baculin,PH,7.45,126.58,1551567885.0,48.0,98.0,76.22,5.17
565,poltar,SK,48.43,19.79,1551565800.0,90.0,64.0,37.4,1.12
567,sobolevo,RU,54.43,31.9,1551567324.0,48.0,79.0,15.02,14.79
568,scarborough,GB,54.28,-0.41,1551567781.0,0.0,87.0,51.8,19.46
569,bealanana,MG,-14.54,48.75,1551567886.0,76.0,94.0,64.88,2.15
570,baykit,RU,61.68,96.39,1551567355.0,68.0,70.0,5.75,2.59
571,dudinka,RU,69.41,86.18,1551567886.0,76.0,86.0,16.19,19.26
572,antofagasta,CL,-23.65,-70.4,1551567600.0,75.0,72.0,68.0,16.11
573,changping,CN,40.22,116.23,1551567729.0,0.0,73.0,43.0,2.24
574,samarai,PG,-10.62,150.67,1551567887.0,24.0,100.0,79.41,1.59
575,kimbe,PG,-5.56,150.15,1551567887.0,64.0,92.0,84.36,3.49
576,cutervo,PE,-6.38,-78.82,1551567888.0,12.0,75.0,55.88,1.7
577,tommot,RU,58.97,126.27,1551567888.0,48.0,76.0,9.98,3.49
578,ornskoldsvik,SE,63.29,18.72,1551567000.0,32.0,66.0,21.2,4.7
579,ville-marie,CA,47.33,-79.44,1551566340.0,90.0,92.0,19.4,5.82
580,suntar,RU,62.16,117.65,1551567889.0,36.0,73.0,7.91,2.59
581,farah,AF,32.37,62.11,1551567889.0,0.0,89.0,40.58,2.93
582,arinos,BR,-15.92,-46.11,1551567889.0,92.0,85.0,73.7,2.82
583,copiapo,CL,-27.37,-70.33,1551567600.0,20.0,68.0,66.2,10.29
584,fukue,JP,35.03,136.69,1551567845.0,75.0,100.0,48.99,4.7
585,kempsey,AU,-31.08,152.84,1551567845.0,76.0,82.0,73.99,1.99
586,fairbanks,US,64.84,-147.72,1551567363.0,40.0,85.0,24.01,1.59
587,antananarivo,MG,-18.91,47.53,1551565800.0,75.0,93.0,64.4,6.93
588,miranda,CO,3.25,-76.23,1551564000.0,75.0,54.0,84.2,12.75
589,awjilah,LY,29.14,21.3,1551567879.0,0.0,69.0,49.85,9.75
590,sambava,MG,-14.27,50.17,1551567673.0,80.0,100.0,77.43,9.19
591,umea,SE,63.83,20.26,1551567000.0,0.0,72.0,14.0,8.05
592,molochnyy,RU,68.85,33.02,1551565800.0,0.0,75.0,-14.81,2.24
593,jackson,US,35.61,-88.82,1551567606.0,90.0,75.0,43.0,8.05
595,ibia,NG,5.18,6.32,1551567892.0,68.0,97.0,75.05,3.15
596,kavaratti,IN,10.57,72.64,1551567435.0,32.0,100.0,81.17,9.19
597,breytovo,RU,58.3,37.86,1551567893.0,76.0,83.0,16.55,19.6
598,sillod,IN,20.3,75.65,1551567893.0,0.0,69.0,59.48,5.84
599,kade,GH,6.1,-0.84,1551567893.0,68.0,85.0,74.73,2.82
600,aswan,EG,24.09,32.9,1551564000.0,0.0,26.0,55.4,3.36
601,bambanglipuro,ID,-7.95,110.28,1551567897.0,80.0,97.0,74.64,3.94
602,kangaatsiaq,GL,68.31,-53.46,1551567897.0,76.0,100.0,16.41,12.66
604,smithers,CA,54.78,-127.17,1551564000.0,5.0,30.0,14.0,5.82
606,poretskoye,RU,55.2,46.33,1551567898.0,32.0,86.0,8.18,9.31
607,ratangarh,IN,28.07,74.62,1551567898.0,56.0,75.0,58.98,13.56
608,vestmannaeyjar,IS,63.44,-20.27,1551567855.0,0.0,100.0,30.59,7.07
609,coihueco,CL,-36.63,-71.83,1551567600.0,40.0,29.0,77.0,4.7
610,payakumbuh,ID,-0.23,100.63,1551567899.0,68.0,90.0,71.94,2.15
611,hanamaki,JP,39.43,141.16,1551566400.0,40.0,79.0,28.4,1.12
612,trapani,IT,38.02,12.54,1551567820.0,0.0,76.0,54.0,8.05
613,nimaparha,IN,20.07,86.02,1551565800.0,40.0,94.0,71.6,5.17
614,agadir,MA,30.42,-9.58,1551565800.0,0.0,93.0,51.8,3.36
616,khor,RU,47.88,134.96,1551567901.0,8.0,37.0,28.29,5.84
617,emerald,AU,-23.53,148.16,1551567684.0,0.0,57.0,78.01,13.87
620,varnavino,RU,61.19,46.56,1551567902.0,68.0,82.0,9.17,7.85
623,aklavik,CA,68.22,-135.01,1551564000.0,20.0,64.0,5.0,13.87
624,tiarei,PF,-17.53,-149.33,1551567790.0,20.0,70.0,87.8,6.93
626,mamallapuram,IN,12.63,80.17,1551565800.0,20.0,83.0,78.8,4.7
628,forbes,AU,-33.38,148.01,1551567324.0,0.0,39.0,84.0,1.01
629,lata,IN,30.78,78.62,1551567377.0,100.0,100.0,35.45,1.59
631,puksoozero,RU,62.59,40.61,1551567909.0,80.0,88.0,15.24,10.42
632,sept-iles,CA,50.2,-66.38,1551564000.0,20.0,32.0,23.0,8.05
633,foki,RU,56.69,54.35,1551567909.0,92.0,92.0,28.16,1.81
634,allapalli,IN,19.43,80.06,1551567909.0,12.0,78.0,75.5,9.86
635,kamenka,RU,53.19,44.05,1551567913.0,56.0,85.0,11.73,8.75
637,castleblayney,GB,54.12,-6.74,1551567904.0,40.0,75.0,44.01,19.46
638,luanda,AO,-8.83,13.24,1551564000.0,75.0,78.0,82.4,6.93
639,nhulunbuy,AU,-12.18,136.78,1551564000.0,75.0,88.0,80.6,8.05
640,northam,GB,51.04,-4.21,1551567910.0,92.0,93.0,52.0,13.87
641,erenhot,CN,43.65,111.97,1551567914.0,0.0,81.0,16.64,7.74
642,alofi,NU,-19.06,-169.92,1551564000.0,76.0,74.0,86.0,8.05
643,aksarka,RU,66.56,67.8,1551567914.0,0.0,64.0,-14.42,5.73
